1,https://cdn.donmai.us/original/eb/73/__original_drawn_by_kase_daiki__eb738bea88da62b103c952b09edcbe56.jpg
1,https://cdn.donmai.us/original/40/7f/__original_drawn_by_kase_daiki__407fb4e5d5aad835b8e284de3b4f979b.jpg
2,https://cdn.donmai.us/original/b7/61/__original_drawn_by_kase_daiki__b7614376bfe41ec5655e6b888520ebc7.jpg
2,https://cdn.donmai.us/original/f5/f8/__original_drawn_by_kase_daiki__f5f8d5a77a3f6239e85abaadf92c2ed4.jpg
3,https://cdn.donmai.us/original/3c/4d/__original_drawn_by_kase_daiki__3c4d3ea227daa73ef9fbd04dabc5b64c.jpg
3,https://cdn.donmai.us/original/fe/66/__original_drawn_by_kase_daiki__fe66ad153d9163730a7fd767e1cdbae4.jpg
4,https://cdn.donmai.us/original/2d/f4/__original_drawn_by_kase_daiki__2df450fc9e62904e1fc53f7695f9b4c1.jpg
4,https://cdn.donmai.us/original/eb/15/__original_drawn_by_kase_daiki__eb15d0ba1b0a28678649e2bc7540ebaf.jpg
5,https://cdn.donmai.us/original/e8/0c/__original_drawn_by_kase_daiki__e80cb46299c76fb528e07a6d93606d40.jpg
5,https://cdn.donmai.us/original/2d/57/__original_drawn_by_kase_daiki__2d57da2aa592818bd9d60547c99c5add.jpg
6,https://cdn.donmai.us/original/91/a9/__original_drawn_by_kase_daiki__91a9e02d905b62e4d20df5009a3c3193.jpg
6,https://cdn.donmai.us/original/a5/12/__original_drawn_by_kase_daiki__a512aea4c10bc9668ec6d842cc041088.jpg
7,https://cdn.donmai.us/original/3a/37/__original_drawn_by_kase_daiki__3a37213f27184333d19903f7bae1547e.jpg
7,https://cdn.donmai.us/original/ac/74/__original_drawn_by_kase_daiki__ac747f3db0fbb9681d04d20f33d6c194.jpg
8,https://cdn.donmai.us/original/f7/61/__original_drawn_by_kase_daiki__f7611e4522501640aed272c39a07677a.jpg
8,https://cdn.donmai.us/original/26/9e/__original_drawn_by_kase_daiki__269ea7cab1b0e121c12d9c02dd458a6d.jpg
9,https://cdn.donmai.us/original/60/e0/__original_drawn_by_kase_daiki__60e0a86c2a1c46b21e86e882060a17e2.jpg
9,https://cdn.donmai.us/original/e5/7b/__original_drawn_by_kase_daiki__e57b5b0344cd531144a911e544f76164.jpg
10,https://cdn.donmai.us/original/ca/af/__original_drawn_by_kase_daiki__caafafa269d501031dadc64a0abeece2.jpg
10,https://cdn.donmai.us/original/51/aa/__original_drawn_by_kase_daiki__51aa62d3c55fab8e3b6d1fe9127a6f80.jpg
11,https://cdn.donmai.us/original/43/76/__original_drawn_by_kase_daiki__43760db1836c1c373f6e707f579351ab.jpg
11,https://cdn.donmai.us/original/f4/7c/__original_drawn_by_kase_daiki__f47c7f8176e3e2bc47e5689e7de07756.jpg
11,https://cdn.donmai.us/original/ef/b7/__original_drawn_by_kase_daiki__efb788c337b755e26c7adc543fc8a14b.jpg
12,https://cdn.donmai.us/original/5f/6b/__original_drawn_by_kase_daiki__5f6bd90e655b2b8e3a5397d52ae88acc.jpg
13,https://cdn.donmai.us/original/54/80/__original_drawn_by_kase_daiki__548090241000e7fdfba16873352a55ba.jpg
13,https://cdn.donmai.us/original/6e/de/__original_drawn_by_kase_daiki__6ede5e6697e576f6ae95d292c1b5e7f7.jpg
14,https://cdn.donmai.us/original/a6/3e/__original_drawn_by_kase_daiki__a63e5eef8a53beb80ae3c3f44398d34a.jpg
14,https://cdn.donmai.us/original/c0/8f/__original_drawn_by_kase_daiki__c08fb8f320cd8dc50005af243d89d6a7.jpg
15,https://cdn.donmai.us/original/8b/68/__original_drawn_by_kase_daiki__8b68e1e38771ea06bd2175cb86a788c9.jpg
15,https://cdn.donmai.us/original/60/ba/__original_drawn_by_kase_daiki__60ba62db6b8d1920b44496df2fd0d35f.jpg
16,https://cdn.donmai.us/original/fb/d4/__original_drawn_by_kase_daiki__fbd4d71ad3f17c82f817693ae10102b6.jpg
16,https://cdn.donmai.us/original/f8/76/__original_drawn_by_kase_daiki__f876d0980e754400a721cdda4db54862.jpg
17,https://cdn.donmai.us/original/93/6d/__original_drawn_by_kase_daiki__936d743a195912a02aba11e327dda9b6.jpg
17,https://cdn.donmai.us/original/e2/ae/__original_drawn_by_kase_daiki__e2ae8159de2496da61f5733958b8059d.jpg
18,https://cdn.donmai.us/original/05/af/__original_drawn_by_kase_daiki__05afca40d502b43d02a6f2df6ca52316.jpg
18,https://cdn.donmai.us/original/af/24/__original_drawn_by_kase_daiki__af24dca4bdab35791c19552d0f73b70a.jpg
19,https://cdn.donmai.us/original/51/bd/__original_drawn_by_kase_daiki__51bde3912baff84ee8e61422c19fe45a.jpg
19,https://cdn.donmai.us/original/7d/a5/__original_drawn_by_kase_daiki__7da56de1cbd82434e26056d6fc5815f4.jpg
20,https://cdn.donmai.us/original/46/c5/__original_drawn_by_kase_daiki__46c59bbefcf2311bf7a7dbe0b4c46d35.jpg
20,https://cdn.donmai.us/original/74/3f/__original_drawn_by_kase_daiki__743f1fbb1a84fb83178fb660f91f11e8.jpg
21,https://cdn.donmai.us/original/08/08/__original_drawn_by_kase_daiki__0808f189f83c79a3fe915ca47e1b1ae9.jpg
21,https://cdn.donmai.us/original/f5/6b/__original_drawn_by_kase_daiki__f56bdec34664810354a90dc01f190824.jpg
22,https://cdn.donmai.us/original/23/7b/__original_drawn_by_kase_daiki__237b2b713050dcaf16fec93f6665f440.jpg
22,https://cdn.donmai.us/original/fa/ed/__original_drawn_by_kase_daiki__faed86099cdf87341aa79b51a215ccfa.jpg
23,https://cdn.donmai.us/original/a3/12/__original_drawn_by_kase_daiki__a312cd1bfb040ea6419a1eca27df64fb.jpg
23,https://cdn.donmai.us/original/ce/b4/__original_drawn_by_kase_daiki__ceb4521afdebc2dbbad4e9de45a054a8.jpg
24,https://cdn.donmai.us/original/f5/e2/__original_drawn_by_kase_daiki__f5e2f788dc6ec31be3c6a5d696d2a465.jpg
24,https://cdn.donmai.us/original/16/e8/__original_drawn_by_kase_daiki__16e8dadbb00937952529f940f3d9ea92.jpg
25,https://cdn.donmai.us/original/cc/b6/__original_drawn_by_kase_daiki__ccb61afb3d6f0a8bb8478df58bb531e8.jpg
25,https://cdn.donmai.us/original/c7/ec/__original_drawn_by_kase_daiki__c7ec1d8ddf6d8faccb6ffdda9c6a13ea.jpg
26,https://cdn.donmai.us/original/39/a4/__original_drawn_by_kase_daiki__39a4c9a88aa1d5af1133896247342cc4.jpg
26,https://cdn.donmai.us/original/41/bc/__original_drawn_by_kase_daiki__41bca92a529fa7bbddcf0dcc9ea92a2d.jpg
27,https://cdn.donmai.us/original/d0/88/__original_drawn_by_kase_daiki__d088a30604fc607a409440f30bc08220.jpg
27,https://cdn.donmai.us/original/bc/53/__original_drawn_by_kase_daiki__bc53b12c8b5d526622b7d7ad4f2d47f4.jpg
28,https://cdn.donmai.us/original/44/67/__original_drawn_by_kase_daiki__4467523d2054472b6812908186b1f86c.jpg
28,https://cdn.donmai.us/original/ed/27/__original_drawn_by_kase_daiki__ed27c17395553a6ae33c680c179964b1.jpg
29,https://cdn.donmai.us/original/33/67/__original_drawn_by_kase_daiki__336767b2b174596f9b5596dbc0820b79.jpg
29,https://cdn.donmai.us/original/09/6b/__original_drawn_by_kase_daiki__096b8df1db04c6ec1e789396e212a664.jpg
30,https://cdn.donmai.us/original/50/2f/__original_drawn_by_kase_daiki__502f3c15e8fdc658b3e7940b50c69042.jpg
30,https://cdn.donmai.us/original/37/2d/__original_drawn_by_kase_daiki__372d2fbd1e584000b0311a9e6f85a4e3.jpg
31,https://cdn.donmai.us/original/86/05/__original_drawn_by_kase_daiki__86058019bdf5b1ce998bd64ef3f3b6f4.jpg
31,https://cdn.donmai.us/original/7d/30/__original_drawn_by_kase_daiki__7d3014b6b04ade1bbd8954e273e2dcb8.jpg
32,https://cdn.donmai.us/original/44/e4/__original_drawn_by_kase_daiki__44e416e4ee3cf463ca7f058c39283321.jpg
32,https://cdn.donmai.us/original/2f/aa/__original_drawn_by_kase_daiki__2faae5906462944c6bf4f9ff7dc5d762.jpg
33,https://cdn.donmai.us/original/90/c1/__original_drawn_by_kase_daiki__90c155b20fc94c95fe7493956c9ab10f.jpg
33,https://cdn.donmai.us/original/10/f8/__original_drawn_by_kase_daiki__10f8235586a887c7fe59bf9b32935f47.jpg
34,https://cdn.donmai.us/original/5c/68/__original_drawn_by_kase_daiki__5c684dc743ad355f000bd4da0dc2adcf.jpg
34,https://cdn.donmai.us/original/da/31/__original_drawn_by_kase_daiki__da3174480f3b7e9ff07ec8ce9d68df72.jpg
35,https://cdn.donmai.us/original/22/ee/__original_drawn_by_kase_daiki__22ee9e01fb6d85f315f3e6b696b1e7e7.jpg
35,https://cdn.donmai.us/original/0b/e8/__original_drawn_by_kase_daiki__0be8e31b0815d52db0c522324f28988e.jpg
36,https://cdn.donmai.us/original/79/c5/__original_and_1_more_drawn_by_kase_daiki__79c5b9e98aabca1c538c8acfc86f0536.jpg
36,https://cdn.donmai.us/original/42/78/__original_and_1_more_drawn_by_kase_daiki__42785c3033965496df7826a8d919627b.jpg
