0,1,2
1,良性高血压血压升高的主要因素是,答案:B:细小动脉壁玻璃样变
2,慢性炎症组织内浸润的细胞主要是,答案:A:淋巴细胞
3,伤寒小结中的伤寒细胞来源于,答案:B:单核细胞
4,流行性脑脊髓膜炎的病原体是,答案:B:细菌
5,来源于间叶组织的肿瘤是,答案:D:骨软骨瘤
6,很少发展为慢性硬化性肾小球肾炎的是,答案:D:链球菌感染后肾小球肾炎
7,肝癌的组织学类型，最多见的是,答案:A:肝细胞癌
8,日本血吸虫童虫引起人体下列哪个部位的损害最明显,答案:B:肺
9,中晚期食管癌最常见的肉眼形态是,答案:B:形成较深的溃疡缺损
10,在某些条件下，细菌缺少哪种成分仍可能生存?,答案:B:细胞壁
11,甲型流感病毒分亚型的依据是 ?,答案:D:HA、NA
12,感染宿主后，表现伴随免疫的寄生虫是 ?,答案:C:日本血吸虫
13,人兽共患寄生虫病中的动物宿主，在人体寄生虫病的流行病学上，它是寄生虫的 ?,答案:C:保虫宿主
14,含有布氏姜片虫囊蚴的水生植物称为 ?,答案:A:植物媒介
15,溶组织内阿米巴生活史的基本环节是 ?,答案:A:包囊—滋养体—包囊
16,在蚊体内既发育又增殖的是 ?,答案:A:疟原虫
17,蠕形螨感染最多的部位是 ?,答案:C:颜面部
18,人被可疑病犬咬伤后，采取的措施不包括?,答案:D:注射干扰素
19,如肩胛骨固定，两侧胸锁乳突肌同时收缩,答案:E:使头后仰
20,不能伸肘关节是哪块肌肉瘫痪,答案:B:肱三头肌
21,临床上称前尿道的是,答案:C:海绵体部
22,冠状窦注入,答案:E:右心房
23,内囊膝,答案:A:含有皮质核束
24,切断授乳动物下丘脑与垂体的联系后，催乳素的分泌将,答案:C:增加
25,胰高血糖素的生理作用是,答案:B:促进脂肪分解，使酮体生成增多
26,地方性甲状腺肿的主要发病原因是,答案:E:食物中缺少碘
27,心脏收缩力增强时，静脉回心血量增加，这是因为,答案:D:舒张期室内压低
28,阴部神经兴奋时,答案:C:尿道外括约肌收缩
29,血浆中肾素增加，将引起增加的是,答案:B:细胞外液容积
30,关于丘脑的感觉接替核，下列论述哪一项是错误的?,答案:C:下肢感觉在后腹核内侧，头面部在外侧
31,引起排卵发生的最为关键性因素是,答案:D:LH高峰
32,下列有关肾上腺髓质激素生理作用的叙述，正确的是,答案:E:骨骼肌血管舒张
33,轻度高血钾引起心肌兴奋性升高的原因是,答案:A:静息电位绝对值减小，距阈电位水平的差距缩小
34,下列哪项不会造成蛋白质的变性?,答案:D:氯化钠
35,下列具有抗氧化性质的是(),答案:A:谷胱甘肽
36,DNA的生物合成的方式包括下列哪项?,答案:D:ABC都是
37,真核细胞成熟mRNA中，不含有()的序列,答案:B:内含子
38,下列不属于必需脂肪酸衍生物的是(),答案:C:组织胺
39,细胞色素氧化酶是(),答案:C:aa3
40,α-酮戊二酸脱氢酶复合体属于(),答案:D:多酶体系
41,核酸的增色效应的本质在于变性后，()暴露了出来。,答案:D:碱基
42,药物的常用量是指,答案:C:大于最小有效量但小于极量之间的剂量
43,一级动力学消除的药物其血浆半衰期长短,答案:E:固定不变
44,具有内在拟交感活性的药物是,答案:D:吲哚洛尔
45,局麻药产生局麻作用的机理是,答案:E:阻滞钠离子内流
46,普鲁卡因不宜用于,答案:A:表面麻醉
47,代谢产物可引发惊厥的药物是,答案:C:哌替啶
48,下列糖皮质激素的临床用途中错误的是,答案:B:活动性消化性溃疡
49,下列哪项是引起胰岛素急性耐受性的诱因,答案:E:以上都是
50,大环内酯类抗生素对下列哪类细菌无效,答案:E:大肠杆菌
51,实验动物新生期切除胸腺后?,答案:E:细胞免疫功能缺乏，体液免疫功能受损
52,关于CD21分子的叙述，哪项是错误的?,答案:C:与BCR构成复合物，参与B细胞对抗原的特异性识别
53,哪些受体同时被交联可抑制B细胞的增殖?,答案:B:BCR和FcγRⅡ-B
54,在维持对肿瘤细胞免疫应答的免疫记忆中起重要作用的是?,答案:D:CD8+Tc细胞
55,下列关于NK细胞杀瘤的叙述，错误的是?,答案:D:可依赖补体，通过CDC方式杀瘤
56,HLA复合体基因不编码?,答案:B:HLA-I类分子的轻链(β2m)
57,既可来源于髓系祖细胞，又可来源于淋巴系祖细胞的免疫细胞是?,答案:D:树突状细胞
58,下列不属于免疫复合物病的是?,答案:A:自身免疫性溶血性贫血
59,关于骨组织的特点，哪项错误,答案:E:骨盐的主要成分为氯化钠
60,呼吸系统的导气部始于鼻，止于,答案:D:终末细支气管
61,不具有吞噬功能的细胞是,答案:E:II型肺泡细胞
62,生精细胞中位于基底室的是,答案:A:精原细胞
63,疏松结缔组织中最常见的细胞是,答案:E:成纤维细胞
64,红细胞脱去细胞核发生在,答案:D:晚幼红细胞
65,睫状小带的两端分别连接,答案:D:晶状体和睫状体
66,肤色深浅取决于,答案:C:黑素颗粒的量和分布
67,关于环层小体以下哪项正确,答案:B:感受压觉和振动觉
68,血-胸腺屏障的血管周隙中含有,答案:C:巨噬细胞
69,可分泌抗体的细胞是,答案:C:浆细胞
70,关于血-胸腺屏障的特征，错误的是,答案:B:位于胸腺髓质及皮质
71,男性患者，36岁。间断腹泻、脓血便5年，复发1个月。口服抗生素无缓解。结肠镜检査示:直肠和乙状结肠弥漫充血、水肿，黏膜粗颗粒样改变，脆，易出血。其黏膜活检可能的病理发现是(),答案:D:隐窝脓肿
72,女性，60岁，慢性支气管炎近10年，近3年来感觉气短、胸闷、呼吸困难。査体:桶状胸，胸廓呼吸运动减弱;叩诊呈过清音，心浊音界缩小，I 下降;听诊呼吸音减弱。不符合该患者疾病的描述是(),答案:D:肺间质广泛纤维化
73,男性，38岁，10多年来，反酸、暧气、上腹部饱胀，伴有规律性上腹痛，空腹发作，夜间更重，进食可缓解。胃镜检查，十二指肠球部可见直径约1cm的圆形溃疡。不符合该患者疾病的描述是,答案:D:易发生癌变
74,小明因车祸造成脑脊液鼻漏，由鼻腔持续流出清亮水样脑脊液。脑脊液外溢是因车祸导致( )骨折，撕裂其周围被覆的硬脑膜和蛛网膜。,答案:B:筛骨
75,小明因头痛、鼻塞、咽喉疼痛不适，伴有持续性低热、粘稠脓性鼻涕和嗅觉障碍入院诊治，经医生诊断为慢性鼻窦炎，需用1%的麻黄素生理盐水滴鼻，收缩鼻腔黏膜进行鼻窦引流，鼻旁窦引流最为困难的一组鼻旁窦是( ),答案:E:上颌窦
76,李小明，男性，17岁。颜面浮肿15天，血尿、进行性少尿3天入院。查体:T 36.9℃，P 90次/分，R 24次/分，BP 145/80mmHg。发育正常，营养中等，重病容，精神差，眼睑浮肿，结膜稍苍白，巩膜无黄染。心肺无异常。肋下肝脾未触及，肠鸣音存在，肾区有轻微叩击痛。辅助检查: 化验尿蛋白(++++)，潜血(++)余正常，血常规正常，诊断:急性肾小球肾炎合并肾功不全。尿中血细胞和蛋白尿排出体外要流经肾盂，在肾门处肾盂、肾动脉和肾静脉的排列关系正确的是( ),答案:B:自前向后依次是肾静脉、动脉和肾盂
77,患者男性，57岁，退休工人。因进行性排尿困难5年，急性尿潴留4小时急诊入院。患者自5年前开始小便次数增多，夜间显著，后逐渐加重，且排尿迟缓，断续，尿后滴沥，近来感排尿费力，射程缩短，尿线细无力，呈滴沥状;4小时前开始不能排尿、腹痛而就诊。检查见:下腹膨胀，体温正常，心率稍快;给予导尿后直肠指诊可触到增大的前列腺，其表面光滑，质韧，有弹性，前列腺沟已消失。X线检查未发现膀胱内有结石。诊断为:良性前列腺肥大并急性尿潴留。前列腺沟位于前列腺( ),答案:C:后叶
78,小明因肛周脓肿手术需要注射利多卡因进行骶管麻醉，确定注射药物部位的骨性标志是,答案:C:骶角
79,一位反复患口腔溃疡患者，下列关于该症状的描述和治疗下列说法错误的是:,答案:A:该患者是缺乏维生素
80,女性患者，35岁，因夫妻吵架喝下几口有机磷农药(敌百虫)，被制止后送往附近医院，此时患者出现恶心、呕吐、腹痛、多汗、胸闷气急、心率加快、视觉模糊、部分肌肉抽搐。医生在迅速给予彻底洗胃外，常用的解毒药物是,答案:B:阿托品和胆碱酯酶复活剂
81,帕金森患者出现震颤麻痹是由于,答案:D:多巴胺神经递质系统功能受损
82,某久病卧床患者突然起床时感觉头晕、眼前发黑，其主要的生理机制为,答案:A:回心血量减少
83,田某，男，47岁，因心前区剧痛入院，诊断为心肌梗死，查体显示某血清酶学指标提示心肌细胞受损。则这个血清酶学指标不可能是,答案:B:LDH5
84,李某，男，69岁，慢性乙肝25年，肝硬化6年，因昏迷入院，经抢救后苏醒。患者意识淡漠，认知能力差，不能说出自己姓名，不认识亲人，不能回答任何问题，经常陷入昏睡状态。查得血氨浓度为550umol/L，请问为缓解患者脑部症状，降低脑中氨浓度，应当给患者使用以下何种药物?,答案:E:谷氨酸钠
85,李某，因尿路感染入院，给予磺胺治疗。请问，磺胺抑制细菌繁殖的机制为()抑制,答案:A:竞争性
86,患儿八岁，智商50，提示智力低下，家属诉患儿从小小便有霉味、鼠尿味，查得血液中苯丙氨酸浓度为54mg/ml(正常值低于20mg/ml)，另外尿中苯丙氨酸、苯丙酮酸均增高。请问该患者为苯丙氨酸代谢障碍导致的何种疾病?,答案:C:苯丙酮酸尿症
87,一肾脏移植患者，术后一切正常，三个月后出现体温升高。肾移植一侧胀痛，尿量减少，病人可能是?,答案:C:慢性排斥反应
88,某建筑工人在工地上干活时，不慎从被生锈的铁丝刺伤手掌而就诊。医生询问病史后，立即为他做了清创处理。并告诉患者，为预防破伤风，需注射破伤风抗毒素。医生先让他先去做皮试，结果皮试阳性，请问该如何处理?,答案:E. 采用小剂量、短间隔连续注射的脱敏疗法
89,乐乐，12岁，是一名糖尿病的患者，每天需注射胰岛素控制血糖。多次注射后在注射局部出现了红肿、坏死等类Arthus反应，这与什么有关?,答案:B:中等大小可溶性免疫复合物形成
90,患儿，女，出生后表现持续性鹅口疮，6个月后因真菌性肺炎死亡。尸检发现其胸腺育不全。此患儿发生持续感染主要由于?,答案:B:细胞免疫缺陷
91,第一次观察到多种微生物的形态，为微生物学发展奠定基础的是?,答案:B:Leeuwenhoek
92,应用研制的牛痘苗预防天花的科学家是?,答案:E:Edward Jenner
93,证明有机物的发酵和腐败是由微生物引起的科学家是?,答案:C:Pasteur
94,肾皮质深入到肾锥体间的部分是( ),答案:B:肾柱
95,肾锥体位于( ),答案:A:肾髓质
96,和肾锥体直接有管道连通的结构是( ),答案:C:肾小盏
97,肾窦和外界相通的结构是( ),答案:E:肾门
98,主要兴奋α受体，收缩血管，升高血压:,答案:C:去甲肾上腺素
99,能翻转肾上腺素的升压作用:,答案:E:酚妥拉明
100,作用于 β受体，兴奋心脏，松弛支气管平滑肌:,答案:D:异丙肾上腺素
101,塌陷废弃矿井长期通风不良，起酸碱平衡紊乱的类型是,答案:B:呼吸性酸中毒
102,支气管扩张的重要发病因素是,答案:A:支气管的炎症损伤和管腔阻塞
103,慢性炎症组织内浸润的细胞主要是,答案:A:淋巴细胞
104,不符合伤口二期愈合的特点是:,答案:D:见于手术缝合的切口
105,不符合急性增生性肾小球肾炎的描述是,答案:E:儿童患者预后差
106,tuberculoma,答案:B:结核瘤
107,阿米巴引起肠组织坏死，主要是以何种性质的坏死为主,答案:B:液化性坏死
108,下列疾病中最易引起肠道狭窄的是 ( ),答案:E:肠结核
109,有关包涵体的描述错误的是 ?,答案:A:包涵体的形成一定是特异的
110,"不符合血清HBsAg(+), HbeAg(+)和抗HBc(+)的解释是 ?",答案:C:乙型肝炎恢复期
111,溶组织内阿米巴的致病阶段应为 ?,答案:B:滋养体期
112,下列哪种病毒可作为HDV的辅助病毒?,答案:B:HBV
113,衣原体与细菌的不同点是?,答案:C:有独特发育周期
114,关于颈椎正确的是,答案:E:第7颈椎又名隆椎
115,关于椎体间的连结，正确的是,答案:A:椎体间的连结包括椎间盘和前、后纵韧带
116,寻找输尿管口的标志是,答案:E:输尿管间襞
117,有关右心房错误的描述是,答案:D:右心房收集除心脏以外体循环的静脉血
118,供应腹腔内成对脏器的动脉是,答案:B:肾动脉
119,腹主动脉的脏支不包括,答案:E:肾上腺上动脉
120,阑尾动脉发自于,答案:D:回结肠动脉
121,属于上肢的浅静脉是,答案:C:肘正中静脉
122,晶状体位于,答案:A:虹膜与玻璃体之间
123,具有感受强光和辨色能力的是,答案:A:视锥细胞
124,正常排卵的妇女的黄体,答案:D:分泌孕酮与雌激素
125,柯蒂氏器位于下列哪一结构上?,答案:C:基底膜
126,关于嗅觉感受器的叙述，不正确的是,答案:D:对某种气味适应后，对其它气味的敏感性也降低
127,维持躯体姿势的最基本的反射是,答案:B:肌紧张
128,人的基本生命中枢位于,答案:A:延髓
129,下列哪一个激素可穿过细胞膜与核受体结合而起作用,答案:C:甲状腺激素
130,关于第二信使学说，下列哪一项是错误的,答案:B:cAMP是唯一的第二信使
131,下列哪一项不是甲状腺激素的生理作用,答案:E:减慢心率和减弱心肌收缩力
132,在去甲肾上腺素作用下，心室功能曲线移位的方向是,答案:B:左上方
133,心室肌细胞与浦肯野细胞动作电位的主要区别是,答案:E:4期自动去极化的有无
134,酮体的生成场所是(),答案:E:肝脏
135,下列哪项不可以用来进行蛋白质的盐析?,答案:E:丙酮
136,唾液淀粉酶酶促反应动力学实验中，能够增加反应速度的一根试管是,答案:C:加入了氯化钠的
137,请问主要的降糖激素是哪个?,答案:D:胰岛素
138,人体安全转运氨的方式有(),答案:D:丙氨酸
139,嘧啶核苷酸从头合成过程中，最先合成的是(),答案:A:UMP
140,RNA转录的延长过程中，不需要的亚基是()亚基。,答案:D:σ
141,下列不能在人体内分解的是(),答案:B:胆固醇
142,人体中起到主要作用的升糖激素是(),答案:C:胰高血糖素
143,请找出下列氨基酸中不属于必需氨基酸的一项。,答案:E:甘氨酸
144,判断A药比B药安全的依据是,答案:C:A药的LD50/ED50比B药大
145,口服吸收快，维持时间最短的药物是,答案:E:三唑仑
146,苯妥英钠抗癫痫作用的机理是,答案:B:抑制脑部病灶放电的扩散
147,下列药物中没有抗炎、抗风湿作用的是,答案:A:对乙酰氨基酚
148,乙酰水杨酸使发热病人体温下降，主要是由于,答案:D:机体散热增加
149,下列不属于阿司匹林禁忌证的是,答案:E:风湿性心内膜炎
150,强心苷中毒最常见的早期症状是,答案:B:胃肠道反应
151,既可治疗糖尿病又可治疗尿崩症的药物是,答案:C:氯磺丙脲
152,能抑制淋巴细胞产生干扰素的免疫抑制药是,答案:E:环孢素
153,中枢免疫器官与外周免疫器官的区别是?,答案:C:中枢免疫器官是免疫细胞分化成熟部位，外周免疫器官是免疫细胞定居及发生免疫应答的场所
154,构成膜攻击复合物(MAC)的补体成分是?,答案:A:C5b~9
155,T细胞表面的CD28和CTLA-4的共同配体是?,答案:C:B7-1(CD80)/B7-2(CD86)
156,"肿瘤细胞HLA-I类分子的表达减弱或缺失时,不能有效地激活下列哪种细胞?",答案:B:CD8+Tc细胞
157,在机体的抗肿瘤免疫效应机制中起主导作用的是?,答案:B:细胞免疫
158,关于抗毒素的使用，哪项是错误的?,答案:C:可作为免疫增强剂给儿童多次注射
159,HLA复合体基因不编码?,答案:B:HLA-I类分子的轻链(β2m)
160,既可来源于髓系祖细胞，又可来源于淋巴系祖细胞的免疫细胞是?,答案:D:树突状细胞
161,构成细胞系列的是,答案:C:单核细胞→破骨细胞
162,面斜裂的成因是,答案:D:上颌突与同侧的外侧鼻突未融合
163,关于附睾管的叙述，哪项错误,答案:B:上皮游离面的纤毛可以摆动，有助于精子运动
164,构成造血组织的是,答案:B:网状组织和造血细胞
165,不符合炎症时液体渗出机制的描述是,答案:E:小静脉增多
166,心脏房室束及其分支位于,答案:C:心内膜下层
167,胃底腺的ECL细胞分泌:,答案:A:组胺
168,关于脾内淋巴小结，哪项错误,答案:A:位于脾皮质部
169,关于脾红髓的结构特点，哪项错误,答案:C:脾血窦由高内皮细胞衬里
170,中枢淋巴器官特点之一是,答案:D:淋巴细胞增殖不受抗原直接影响
171,某人患有癌症，穿刺取肝组织，镜下，发现有类肺样组织结构，细胞核多形，核质比大，则该患者患有,答案:B:肺癌
172,某男、42岁，长期胸闷、气短、心痛，没及时就医，不幸死亡，尸解发现心包狭窄，有绒毛状物。则该人长期患有的疾病为,答案:C:风湿性心外膜炎
173,某尸检发现，其肺体积增大边缘钝圆。色灰白，质软而缺乏弹性，指压后遗留压痕。则此人死因可能是,答案:D:肺气肿
174,男性，50岁，警官，近一年来经常出现间歇性胸痛，劳累后出现症状，疼痛向左肩、左臂放射。有近20年吸烟史。此次发作持续时间超过四小时，恶心、呕吐，并出现心率失常。心电图显示T波倒置。心肌的病变是(),答案:A:心肌梗死
175,某单位发生以呕吐为主要症状的食物中毒。在餐具和厨房炊具中没培养出肠道致病菌，但在炊事人员的手上查出了化脓感染灶。请问致病菌可能是 ?,答案:B:金黄色葡萄球菌
176,"女,38岁，工人。左下腹部有痉挛性疼痛，一周前曾做过经阴道的结扎手术，阴道后穹隆穿刺术得20m1带血、恶臭的脓性液体。厌氧培养得革兰阴性杆菌，常见的病原菌是 ?",答案:E:脆弱类杆菌
177,38岁，男性，喜食毛蚶。一周前突然发病，有畏寒，发热，全身乏力，食欲不振，厌油腻，肝区疼痛，尿色渐加深至浓茶状。近日体温降低，巩膜和皮肤出现黄疸。怀疑是甲肝，为明确诊断，须做的实验室检查为?,答案:A:抗HAV-IgM
178,小明因不慎滑倒，右侧肘关节内侧着地，疼痛难忍去医院就诊。X线检查:右肱骨内上髁骨折。此部位骨折最易导致哪根神经受损( ),答案:E:尺神经
179,某患者肝脓肿继发感染，引发膈肌中心腱炎，此时最容易受到炎症侵袭的结构为( ),答案:D:下腔静脉
180,"患者李小明，男，42岁，业务经理。上腹部剑突下持续性钝痛、胀痛、灼烧感3年，饥饿时疼痛加剧，进食后疼痛缓解，于下次餐前再次发作，呈明显节律性。最近病情加重入院。检查:体温37.9℃，脉搏79次/min，X线钡餐检查发现龛影;正面观龛影呈圆形或椭圆形，边缘整齐;胃液分析基础排酸量(BAO)7 mmol/h,;幽门螺旋杆菌(HP)检测+++。诊断:十二指肠溃疡。治疗:①一个抑制胃酸的泵抑制剂，奥美拉唑等;②抗生素，阿莫西林+呋喃唑酮;③黏膜保护剂，枸橼酸铋钾，疗程10天。请问，十二指肠溃疡好发的部位在( )",答案:D:十二指肠球
181,患者男性，57岁，退休工人。因进行性排尿困难5年，急性尿潴留4小时急诊入院。患者自5年前开始小便次数增多，夜间显著，后逐渐加重，且排尿迟缓，断续，尿后滴沥，近来感排尿费力，射程缩短，尿线细无力，呈滴沥状;4小时前开始不能排尿、腹痛而就诊。检查见:下腹膨胀，体温正常，心率稍快;给予导尿后直肠指诊可触到增大的前列腺，其表面光滑，质韧，有弹性，前列腺沟已消失。X线检查未发现膀胱内有结石。诊断为:良性前列腺肥大并急性尿潴留。前列腺沟位于前列腺( ),答案:C:后叶
182,右心衰竭的病人常因为组织液生成过多而致下肢水肿，其主要原因是,答案:A:毛细血管血压增高
183,帕金森患者出现震颤麻痹是由于,答案:D:多巴胺神经递质系统功能受损
184,患者女，60岁，近2天出现尿频、尿急、尿痛、耻骨弓上不适，且有肉眼血尿，初诊为急性膀胱炎，最适宜的口服药物是,答案:B:氧氟沙星
185,患者男，48岁。因患胰腺癌入院拟行手术治疗，现空腹血糖7.8mmol/L。术前给予注射胰岛素，其作用是,答案:E:控制血糖
186,女性，50岁。病人因剧烈眼痛，头痛，恶心，呕吐，急诊来院。检查:明显的睫状出血，角膜水肿，前房浅，瞳孔中度开大，呈竖椭圆形，眼压升高为6.7kPa。房角镜检查:房角关闭。诊断:闭角型青光眼急性发作。该病人应立即给药治疗:,答案:A:毛果芸香碱
187,患者李某，肾移植手术后出现急性排斥反应，主要与供受者双方何种抗原存在差异有关?,答案:A:HLA抗原
188,患者黄某，早上8点进手术室进行肾移植手术，当移植肾血液循环恢复后不久，发现移植肾变软且呈紫色，并出现斑点状坏死。医生随即摘除移植肾，恢复透析治疗。请问此现象的发生主要与下列何种抗原有关?,答案:E:ABO血型抗原
189,隐睾(cryptorchidism)，隐睾为先天性阴囊内没有睾丸，出生后睾丸未降至阴囊底部而停留在腹腔内。4%的新生男婴出现隐睾，大多数患儿在周岁内睾丸可以降到阴囊内。双侧隐睾可导致不育的最主要原因是,答案:C:腹腔温度高，影响精子发育。
190,"男性, 17岁,左季肋部外伤后10小时, 疼痛剧烈，口渴,心悸,烦燥2小时。入院查体T37.6°C，P110次/分，B超提示腹腔内积液，临床诊断:脾破裂，采取脾切除治疗。临床脾切除后进行自体脾片移植的意义在于",答案:D:保留脾的免疫功能
191,选择性舒张脑血管:,答案:D:尼莫地平
192,治疗变异型心绞痛较好的药物:,答案:B:硝苯地平
193,黏膜局部抗感染作用的抗体是?,答案:B:sIgA
194,机体发生感染后最早出现的抗体是?,答案:C:IgM
195,天然血型抗体是?,答案:C:IgM
196,经典途径的C3转化酶是?,答案:D:C4b2b
197,MBL途径的C5转化酶是?,答案:A:C4b2b3b
198,旁路途径C3转化酶是?,答案:C:C3bBb
199,膀胱来自于,答案:B:中胚层
200,皮肤表皮来自于,答案:A:外胚层
201,酸中毒时血钾的变化规律是,答案:A:升高
202,男，60岁，因胃癌广泛转移而死亡。尸体解剖检查，心脏重200g。切片检查心肌细胞核两侧可见黄褐色细颗粒状色素，此色素可能是,答案:D:脂褐素
203,小儿肾病综合征主要见于,答案:B:轻微病变性肾小球肾炎
204,以新月体形成为特征的肾脏疾病是 ( ),答案:C:快速进行性肾小球肾炎
205,溶原性细菌是指 ?,答案:A:带有前噬菌体的细菌
206,下列细菌中繁殖最慢的是 ?,答案:D:结核分枝杆菌
207,蛔虫卵的形态与其他线虫卵主要不同是 ?,答案:E:有明显的凹凸不平的蛋白膜
208,十二指肠钩虫与美洲钩虫成虫鉴别的依据下列错误的 ?,答案:B:虫体颜色
209,卫氏并殖吸虫感染人体的方式下列错误的是 ?,答案:E:吃未熟淡水鱼
210,人体猪囊虫病的感染途径和感染阶段为 ?,答案:C:经口食入链状带绦虫卵
211,可引起疟疾再燃的虫期为 ?,答案:C:红内期无性体
212,蠕形螨的感染方式主要是通过 ?,答案:C:直接接触或间接接触
213,关于OT试验，下述哪项是正确的?,答案:E:阳性者，对结核杆菌有免疫力，细胞免疫功能正常
214,肛管内面纵行的黏膜皱襞称,答案:C:肛柱
215,肛柱下端与肛瓣所围成的小隐窝称,答案:E:肛窦
216,精子的产生部位是,答案:C:精曲小管
217,女性内生殖器不包括,答案:C:前庭大腺
218,维持子宫前倾位的韧带是,答案:B:子宫圆韧带
219,股动脉,答案:E:续于髂外动脉
220,与胃的血液供应无关的是,答案:D:胰十二指肠上动脉
221,属于下肢浅静脉的是,答案:C:大隐静脉
222,关于脊髓外形，下列正确的是,答案:B:成人脊髓下端平对第1腰椎下缘
223,与脑桥相连的脑神经是,答案:C:面神经
224,支配肱三头肌的神经是,答案:A:桡神经
225,通常所说的血型是指:,答案:C:红细胞表面特异凝集原的类型
226,听骨链传导声波的作用是使振动,答案:A:幅度减小，压强增大
227,下列对感受器电位的描述，哪项是错误的?,答案:C:为“全或无”式
228,下列关于负反馈调节的叙述，错误的是:,答案:B:与神经调节和体液调节无关
229,肌张力最大的收缩是,答案:E:完全强直收缩
230,蛋白质物理热价大于生物热价的原因,答案:D:蛋白质在体内没有完全被氧化
231,下列哪些情况下呼吸商较大,答案:D:肌肉剧烈活动时
232,左侧大脑皮层中央后回受损后, 躯体感觉障碍的部位是
233,锌指结构属于蛋白质的哪种结构?,答案:C:模体
234,下列有利于对抗动脉粥样硬化的是,答案:D:HDL
235,下列不含羟基的氨基酸有(),答案:D:缬氨酸
236,肌红蛋白缺少()级结构,答案:D:四
237,不参与核小体构成的是,答案:E:H5
238,神经纤维的髓鞘由哪项构成?,答案:D:鞘磷脂
239,鞘磷脂的功能是(),答案:E:构成神经髓鞘
240,下列具有强大抗氧化性，可以防止氧化物对人体造成伤害的是()。,答案:D:谷胱 glutathione
241,末梢释放去甲肾上腺素的神经是,答案:C:大部分交感神经节后纤维
242,为延长局麻作用时间并减少吸收，宜采用,答案:C:加入少量肾上腺素
243,下列抗帕金森病药中通过在脑内转变为多巴胺起作用的是,答案:A:左旋多巴
244,氯丙嗪治疗无效的是,答案:C:晕动病所致呕吐
245,具有抗癫痫、抗心律失常作用的药物是,答案:E:苯妥英钠
246,硝酸甘油作用最明显的血管是,答案:B:毛细血管后静脉
247,经体内转化后才具有活性的糖皮质激素类药物是,答案:A:泼尼松
248,下列有关青霉素G叙述中错误的是,答案:C:耐酸，可口服给药
249,细菌对氨基糖苷类产生耐药性原因为,答案:A:细菌产生钝化酶
250,环磷酰胺在体内转化为烷化作用强的代谢物是,答案:E:磷酰胺氮芥
251,在经典激活途径中，激活后直接具有酶活性的成分是?,答案:C:C1s
252,关于HLA-I类分子的分布，下列描述正确的是?,答案:B:所有有核细胞表面
253,下列哪种组合可抑制T细胞的活化?,答案:C:B7(B细胞)——CTLA-4(活化的T细胞)
254,下列哪种受体激活后，启动NK细胞的杀伤活性?,答案:B:KAR
255,最易诱导免疫耐受的抗原是 ?,答案:C:可溶性抗原
256,引起移植排斥反应最重要的抗原是?,答案:D:HLA抗原
257,关于免疫细胞和膜分子，错误的组合是?,答案:E:人成熟红细胞-MHC-I类抗原阳性
258,HLA复合体基因不编码?,答案:B:HLA-I类分子的轻链(β2m)
259,下列关于肿瘤免疫的叙述错误的是?,答案:D:静止和活化的巨噬细胞均能杀瘤细胞
260,关于透明软骨细胞的叙述，哪项错误,答案:C:同源细胞群来自于同一个成骨细胞
261,食管上皮属于哪种上皮?,答案:A:未角化复层扁平上皮
262,加固上皮细胞与基膜的连接是:,答案:A:半桥粒
263,最需注意避孕的时期为月经周期中,答案:D:第12~16天
264,胞核较小，胞质嗜酸性、可含空泡和异物颗粒的细胞是:,答案:D:巨噬细胞
265,肌性动脉中膜内产生基质和纤维的细胞是,答案:C:平滑肌细胞
266,下列关于神经元的描述，哪项错误:,答案:B:神经元胞体发出轴突和树突的部位称为轴丘
267,电突触实际上是:,答案:A:缝隙连接
268,关于T细胞，哪项正确,答案:D:细胞表面有特异性抗原受体
269,分泌醛固酮的结构是,答案:D:肾上腺皮质球状带
270,肠腺潘氏细胞内的嗜酸性分泌颗粒内含有,答案:D:溶菌酶
271,男， 14 岁，右大腿深部巨大血管瘤，术后情况良好，伤口一期愈合。拆线后下床活动效死亡。应考虑( ),答案:D:肺动脉栓塞
272,"女性，,60岁,慢性支气管炎近10年,近3年来感觉气短、胸闷、呼吸困难。查体:桶状胸,胸廓心浊音界缩小,肝浊音界下降;听诊呼吸音减弱。不符合该患者疾病的描述是 ( )",答案:D. 肺间质广泛纤维化
273,某男，35岁，汽车司机，常感胃不适，时而痛疼，诊断为胃溃疡。其不加重视，忽一日，其暴亡，尸检发现腹腔有大量积血。则死因可能是,答案:D:胃溃疡造成的大出血
274,一名中年尸检病例，蛋白尿、高血压多年，前数年有多尿，夜尿。多次化验无脓尿、菌尿。近日因面色苍白身体虚弱、呕吐而人院。住院数日后，抽搐、昏迷而死亡。则其肾脏肉眼观可能表现,答案:D:颗粒性固缩肾
275,某尸检发现，其肺体积增大边缘钝圆。色灰白，质软而缺乏弹性，指压后遗留压痕。则此人死因可能是,答案:D:肺气肿
276,女性患者，15岁。低热伴乏力、食欲缺乏、恶心、呕吐3天，就诊时发现巩膜黄染。实验室检査:ALT:860 U/L, TBil 120 umol/L出生时曾注射疫苗。本病的病理特点不包括()
277,脑膜炎患者脑脊液标本离心后取沉渣涂片镜检用墨汁染色，镜下可见直径4~12μm圆形菌体，外周有一透明肥厚荚膜，引起脑膜炎的微生物是 ?,答案:A:新生隐球菌
278,6岁男孩,被蚊子叮咬后出现发热、头痛
279,某患者,发热39℃
280,患者，男性，35岁，有慢性十二指肠溃疡病史，近半个月来反复呕吐，呕吐量大，多为12小时前的宿食，呕吐后自觉胃部舒适。查体见舌干苔厚，皮肤干燥松弛。X线钡餐检查诊断为十二指肠溃疡并发幽门梗阻。实验室检查结果:血液pH>7.50(正常7.35~7.45)，标准碳酸氢盐(SB)、实际碳酸氢盐(AB)、和缓冲碱(BB)均升高，AB>SB,剩余碱(BE)正值增大，血钾、血钠和血氯水平均降低，尤以血氯降低为著。对该患者首要的处理是
281,帕金森患者出现震颤麻痹是由于,答案:D:多巴胺神经递质系统功能受损
282,肾上腺皮质功能亢进患者血中醛固酮水平升高，可预期该患者的,答案:A:血钠升高，细胞外液量增加
283,某患者因大量腹泻入院。查体发现该患者皮肤缺乏弹性，按压出现深坑，肛门处不断流出排泄物。诊断为霍乱弧菌感染，给予抗菌素、输液治疗。请问该患者发病机理中，cAMP扮演的角色是?,答案:C:第二信使
284,患者男，56岁，主诉活动后心前区疼痛一个月余。患者平时活动后即出现心前区压迫样疼痛，持续3~5分钟，休息后可以缓解，入院以后治疗5天后出院，遵医嘱继续服用硝苯地平，该药物属于,答案:C:钙通道阻滞剂
285,一高血压患者，用直接扩血管药治疗时，为使治疗效果更好，最好合用下列那种利尿药:,答案:E:氢氯噻嗪
286,患者，女，55岁，慢性心衰急性加重就诊。医生给予125μg标准剂量的地高辛，24小时后测定血药浓度为2ng/ml。地高辛靶浓度为0.8ng/ml,该患者用药剂量宜调整为
287,孕妇李某，血型为Rh阴性，今天上午10:00自然分娩一女婴，血型为Rh﹢，因其有生二胎的计划，为预防第二胎发生新生儿溶血症，医生该如何处理?,答案:C:分娩72小时内给产妇注射抗Rh免疫血清
288,患者，男，35岁，建筑工人。在工地上干活时，不慎从被生锈的铁丝刺伤手掌，随即来到学校附属医院，医生询问了病史，立即为他做了清创处理。并告诉患者，为预防破伤风，需注射破伤风抗毒素，患者同意了。医生先让他去注射室做皮试，结果皮试阳性。请问该患者注射破伤风抗毒素做皮试的目的是为了什么?,答案:C:预防血清过敏性休克的发生
289,女性患者，35岁，血液学检查血清游离甲状腺素(FT4)与游离三碘甲状腺原氨酸(FT3)升高，近期出现怕热、多汗、皮肤潮湿;易饿，多食而消瘦;心慌，心率增快，严重时出现心房纤维性颤动、心脏扩大以及心力衰竭;容易激动、兴奋、多语、好动、失眠，伴有感觉疲乏、无力、容易疲劳。临床诊断最可能是:,答案:B:甲状腺功能亢进综合征
290,患者，女，47岁，近日全身乏力较明显，食欲较前差，伴乏困、全身肢体麻木，劳累后头晕、心悸，伴面色苍白。临床诊断:贫血。HGB 61g/L，胃镜检查，结果为:萎缩性胃体炎。导致该患者贫血的原因为内因子缺乏，维生素B12吸收障碍，内因子由下列哪种细胞产生?,答案:B:壁细胞
291,慢性支气管炎时，患者通气与换气功能障碍、导致缺氧的重要环节,答案:B:急、慢性支气管炎及细支气管周围炎
292,慢性支气管炎时，患者咳痰病变基础,答案:A:支气管腺体肥大增生、粘膜上皮杯状细胞增多
293,慢性阻塞性肺气肿的发生主要由于,答案:D:细支气管壁及肺泡间隔弹力纤维支架破坏和细支气管不完全阻塞
294,支气管扩症引起肺原性心脏病的原因是由于,答案:E:肺组织高度纤维化
295,斜方肌损伤(),答案:E:塌肩
296,肩关节脱位会出现(),答案:B:方肩
297,前锯肌损伤会出现(),答案:C:翼状肩
298,胸廓处于自然位置时,答案:C:胸廓弹性作用消失，肺弹性回缩力向内
299,胸廓容量大于其自然位置时,答案:D:胸廓弹性回缩，肺弹性回缩力向内
300,开放性气胸时,答案:A:胸廓弹性作用消失，肺弹性回缩力消失
301,低渗性脱水发生脑病，下列哪项是正确的: (),答案:B:脑细胞水肿
302,不符合肺腺癌的描述是,答案:B:常有吸烟史
303,食管癌患者体内最先萎缩的是,答案:E:脂肪细胞
304,下述有关动脉粥样硬化的叙述中，哪一项是错误的,答案:D:可引起主动脉瓣膜病
305,高热或缺氧时，肾脏中近曲小管首先出现的是( ),答案:B:细胞水肿
306,下列属于小叶性肺炎的是 ( ),答案:A:坠积性肺炎
307,尸检发现患儿两肺密布灰白色粟粒大小结节，同时肝、脾、肾亦见同样病变，脑底脑膜出结核杆菌从何处入血播散引起上述病变( ),答案:B:肺原发灶
308,结核杆菌侵入机体的途径不可能的是 ?,答案:E:节肢动物的叮咬
309,钩虫排离人体阶段和感染阶段分别是 ?,答案:B:虫卵和丝状蚴
310,引起儿童发生柏油便症状的线虫是 ?,答案:C:十二指肠钩虫
311,日本血吸虫的保虫宿主主要是 ?,答案:C:牛、犬、猪等哺乳动物
312,日本血吸虫虫卵肉芽肿形成的机制主要在于 ?,答案:E:卵内毛蚴分泌SEA引起IV型超敏反应
313,新鲜人粪污染了饮水，可能感染 ?,答案:E:溶组织内阿米巴
314,输血可能感染 ?,答案:C:疟原虫
315,病毒的核酸是?,答案:D:DNA或RNA
316,衣原体与细菌的不同点是?,答案:C:有独特发育周期
317,颈椎特有的结构是,答案:D:横突孔
318,关于跗骨的描述，正确的是,答案:C:距骨位于后上方，跟骨位于后下方
319,不属于面肌的是,答案:C:咬肌
320,鼻旁窦积液最不易引流的是,答案:B:上颌窦
321,内分泌腺,答案:E:分泌物直接入血液循环
322,股动脉,答案:E:续于髂外动脉
323,下丘脑的结构中不包括,答案:E:松果体
324,楔束,答案:C:传导同侧上半身的意识性本体感觉和精细触觉冲动
325,内囊膝,答案:A:含有皮质核束
326,成年人在寒冷环境中主要依靠下列哪种方法来增加热量:,答案:B:寒战性产热
327,浦肯野细胞和心室肌细胞的动作电位的主要区别是:,答案:E:4期自动去极化
328,当血钾浓度逐步升高时，心肌的兴奋性,答案:D:先升高后降低
329,眼的下列诸结构中，折光系数最大的是,答案:C:晶状体
330,醛固酮的主要作用是:,答案:B:保钠排钾
331,对通气/血流比值的叙述，正确的是,答案:E:比值减小可能导致缺02与CO2潴留
332,夜盲症发生的原因是,答案:B:视紫红质缺乏
333,脑内多巴胺能神经元胞体的主要部位是,答案:C:中脑
334,反射活动后发放的结构基础是,答案:C:环状联系
335,关于神经纤维的论述，不正确的是,答案:C:传导速度最慢的是B类纤维
336,引起心交感神经的活动减弱的情况是:,答案:E:由直立变为平卧时
337,某种酶具有5种底物，分别命名为1，2，3，4，5。其分别对应的km值关系是km1>km2>km3>km4>km5，请问该酶的天然底物是下列哪个?,答案:E:5
338,能量货币是,答案:A:ATP
339,血清蛋白醋酸纤维薄膜电泳实验中，泳动速度最快的是,答案:E:白蛋白
340,缺乏后导致干眼病的是维生素(),答案:A:A
341,三羧酸循环中，起到催化剂作用的物质是(),答案:C:草酰乙酸
342,下列需要人体从饮食中获取，而不可自身合成的是(),答案:E:以上都是
343,具有自我剪接功能的RNA叫做(),答案:D:核酶
344,真核细胞mRNA合成后的加工不包括(),答案:D:连接
345,核糖体循环是(),答案:B:蛋白质合成的肽链延长阶段
346,糖原分子分叉处含有α-1，6糖苷键，需要()酶水解。,答案:D:脱支酶
347,有机磷中毒者单独应用胆碱酯酶复活药不足之处在于,答案:C:不能直接对抗乙酰胆碱的M样症状
348,肾上腺素与酚妥拉明合用时血压,答案:B:舒张压下降更明显
349,由交感神经兴奋引起的心律失常宜选用,答案:E:普萘洛尔
350,下列哪项不是利尿药治疗心衰的作用,答案:D:逆转心室肥厚
351,糖皮质激素隔日疗法的给药时间最好在隔日,答案:B:上午8点
352,糖皮质激素用于治疗严重感染性疾病时必须,答案:D:与有效足量的抗菌药物合用
353,细菌对青霉素产生抗药性的机理是,答案:A:细菌产生水解酶，使β—内酰胺环破裂
354,链霉素的主要毒性反应为,答案:E:损害第八对脑神经
355,下列补体裂解产物中既有过敏毒素又有趋化因子作用的是?,答案:E:C5a
356,关于补体活化的MBL途径，哪项是错误的?,答案:B:MBL具有酶活性
357,具有调理作用的补体裂解产物是?,答案:D:C3b
358,下列哪项不是MHC基因编码的产物?,答案:A:β2微球蛋白(β2m)
359,肿瘤细胞HLA-I类分子的表达减弱或缺失时，不能有效地激活下列哪种细胞?,答案:B:CD8+Tc细胞
360,Th0细胞主要在下列哪种细胞因子的作用下向Th2细胞分化?,答案:A:IL-4
361,大多数情况下，抗原刺激机体发生适应性免疫应答是?,答案:A:由DC和Th细胞的相互作用启动
362,能杀伤细胞的细胞因子是?,答案:B:TNF-α
363,有关自身免疫正确的是?,答案:B:产生自身抗体和/或自身反应性T细胞
364,基板的主要成分之一是,答案:D:Ⅳ 型胶原蛋白
365,胚发育早期，口凹与原始咽之间的结构是,答案:B:口咽膜
366,生精上皮的组成是,答案:A:支持细胞和生精细胞
367,关于卵黄囊，哪项正确,答案:C:造血干细胞来自卵黄囊壁的血岛
368,有孔毛细血管存在于,答案:E:胃肠黏膜
369,神经元传导神经冲动是通过,答案:B:轴膜
370,关于胃黏膜的描述，哪一项错误?,答案:B:含少量杯状细胞
371,某人，男，35岁，持续高热，相对缓肪，检查发现脾肿大、白细胞减少、皮肤出现玫瑰疹。则该病人可能患有,答案:C:伤寒
372,某人，女，24岁，发热、头疼、乏力、食欲不振和末梢白细胞增多。腹痛、腹泻，里急后重排便次数增多。数小时后，休克。则该患者可能患有,答案:E:细菌性痢疾
373,某患者食欲不振，消化不良，有腹水，呕血，腹壁浅静脉曲出现海蛇头。则形成此症状的原因是,答案:E:各种原因引起的门脉高压
374,男性，38岁，10多年来，反酸、暧气、上腹部饱胀，伴有规律性上腹痛，空腹发作，夜间更重，进食可缓解。胃镜检查，十二指肠球部可见直径约1cm的圆形溃疡。不符合该患者疾病的描述是,答案:D:易发生癌变
375,36岁，女性。因乏力10 d，尿赤3 d人院。10 d前出现乏力、四肢酸软、胃纳减退伴恶心，无呕吐和发热，3 d前尿液加深如浓茶样。体格检查:精神委靡，皮肤和巩膜明显黄染。心、肺(一)，肝、脾肋下未及，肝区叩痛(+)。实验室检查:GPT 727 u，STB 47.7μmol/L，HBsAg(+)，HBeAg(+)，抗-HBc-IgM(+)。请问该病人乙肝标志物检查结果的临床意义是什么?,答案:B:急性乙肝
376,小明因车祸造成脑脊液鼻漏，由鼻腔持续流出清亮水样脑脊液。脑脊液外溢是因车祸导致( )骨折，撕裂其周围被覆的硬脑膜和蛛网膜。,答案:B:筛骨
377,医生在为患者进行直肠镜检查时，应注意直肠的弯曲部位，其弯曲的方向为( ),答案:C:骶曲凸向后，会阴曲凸向前
378,白喉是由白喉杆菌引起的急性呼吸道传染病，以咽、喉等处粘膜充血、肿胀并有灰白色伪膜形成为突出临床特征，急性发作时可引起喉腔阻塞，阻断肺通气危及患者生命，必要时喉腔穿刺抢救，请问通常进行穿刺的部位是( ),答案:B:环甲正中韧带
379,给家免静脉注射生理剂量的垂体后叶素后，尿量减少的主要原因是( ),答案:D:集合管对水的通透性升高
380,某患者在胃大部分切除后出现巨幼红细胞性盆贫血的原因是机体对哪项物质吸收障碍,答案:C:维生素B12
381,王猫猫，男，2岁，双腿内翻，呈现X状，该患儿可能缺乏维生素(),答案:B:D
382,李晓波，男，七岁，因糖尿病入院，查得其胰岛素水平低于常人，胰岛β细胞数量少于常人，其最可能患有的糖尿病类型是()型,答案:A:1
383,李某，女，18岁，发热咽痛鼻出血10天，胸骨压痛明显，右下肢皮肤可触3cm×3cm大小肿块，质硬.红细胞2×109/L，血红蛋白60g/L，白细胞2×109/L，血小板20×109/L，骨髓增生极度活跃，原始细胞80%，部分胞浆中可见Auer小体，POX染色弱阳性，PAS染色胞浆淡红色，醋酸萘酚酯酶染色阳性，能被NaF抑制，诊断是急性单核细胞白血病。请问患者可以用下列哪项药物治疗?,答案:E:天冬酰胺酶
384,患者男，48岁。因患胰腺癌入院拟行手术治疗，现空腹血糖7.8mmol/L。术前给予注射胰岛素，其作用是,答案:E:控制血糖
385,某女，55岁。由于劳累、过度兴奋而突发心绞痛，请问服用下列哪种药效果好,答案:E:舌下含服硝酸甘油
386,某女，3岁。过敏体质，既往有哮喘病史，1小时前因吸入油漆而出现哮喘急性发作，对该患者应选用( ),答案:C:吸入沙丁胺醇
387,患者、男，突发心前区剧痛，急诊诊断为急性心肌梗死，并伴室性心动过速，应首选的治疗药物是(),答案:D:利多卡因
388,某肿瘤患者，经过手术治疗后还需接受化疗，但化疗前须评估病人T细胞的功能，拟采用的试验是?,答案:C:淋巴细胞转化试验
389,精子在睾丸的曲细精管中产生，由精原细胞发育至成熟精子，支持细胞对生精细胞起支持和保护作用，参与构成血睾屏障，支持细胞还可合成:,答案:B:雄激素结合蛋白
390,29岁男性患者，因1天前，大量饮酒导致急性腹痛入院，上腹疼痛，放射至后背。恶心、呕吐、发热和血淀粉酶升高。查体: T 37.5 ℃，BP 130/85mmHg。临床诊断为急性胰腺炎，其产生原因为:,答案:D:胰酶在胰腺内被激活以后引起胰腺组织自身消化
391,按抗原的特性来分，病原生物体的蛋白抗原属于?,答案:C:完全抗原
392,按抗原的特性来分，青霉素等药物分子属于?,答案:B:半抗原
393,极微量可以激活多克隆T细胞的抗原称为?,答案:A:超抗原
394,下运动神经元脊髓灰质损伤会出现(),答案:D:软瘫
395,部分大脑皮层上运动神经元损伤出现(),答案:C:硬瘫
396,黏膜局部抗感染作用的抗体是?,答案:B:sIgA
397,机体发生感染后最早出现的抗体是?,答案:C:IgM
398,天然血型抗体是?,答案:C:IgM
399,在小肠上皮黏膜细胞生成的是(),答案:A:CM
400,在血浆中生成的是(),答案:C:LDL
401,风湿病常引起,答案:D:疣状心内膜炎
402,交界性肿瘤是,答案:D:性质介于良、恶性之间的肿瘤
403,肉芽组织不具有如下功能,答案:C:吞噬搬运坏死物质
404,肉芽组织是由什么构成,答案:D:纤维母细胞和新生毛细血管
405,局部不含肉芽组织的病变是,答案:C:化生病灶
406,直、结肠家族性多发性腺瘤性息肉属于( ),答案:A:癌前病变
407,与大肠癌发生关系密切的息肉是 ( ),答案:A:腺瘤性息肉
408,下列各项肥达反应的结果中，有助于伤寒辅助诊断的抗体凝集价是 ?,答案:B:O凝集价≥1:80， H凝集价≥1:160
409,产卵量大的线虫是 ?,答案:B:蛔虫
410,钩虫引起异嗜症，可能与哪种因素有关 ?,答案:B:铁质缺乏
411,钩虫成虫引起临床症状，下列错误的是 ?,答案:C:皮炎
412,引起儿童发生柏油便症状的线虫是 ?,答案:C:十二指肠钩虫
413,含有布氏姜片虫囊蚴的水生植物称为 ?,答案:A:植物媒介
414,在治疗前确诊为猪带绦虫病的依据可以找到 ?,答案:E:成节
415,破伤风毒素引起的病变特点是?,答案:A:骨骼肌强直收缩
416,关于肋正确的是,答案:C:第2肋平对胸骨角
417,位于颅后窝的结构是,答案:B:内耳门
418,有囊内韧带的关节是,答案:D:髋关节
419,不属于前臂前群肌的是,答案:E:肱肌
420,上颌窦开口于,答案:B:中鼻道
421,储存精子的器官是,答案:B:附睾
422,心脏的静脉血最终回流入心腔的主要途径是经,答案:E:冠状窦
423,角膜,答案:D:富有感觉神经末梢
424,沟通眼球前房和后房的是,答案:C:瞳孔
425,外周阻力和心率不变而每搏输出量增加时，血压的变化主要是:,答案:A:收缩压升高的幅度大于舒张压的升高幅度
426,形成胸膜腔内压的因素是,答案:D:大气压-肺弹性回缩力
427,关于头期胃液分泌的叙述，正确的是,答案:D:传出神经是迷走神经
428,囊斑的适宜剌激是,答案:D:头部和躯干各方向直线正负加速运动
429,兴奋的空间总和效应主要与下列哪种神经元联系方式有关:,答案:A:聚合式原则
430,躯体感觉的皮层代表区主要位于,答案:B:中央后回
431,正常妇女体内的雌激素主要是,答案:B:雌二醇
432,排卵后黄体萎缩是由于,答案:D:FSH和LH下降
433,关于催乳素的叙述，错误的是,答案:C:在妊娠期PRL分泌减少，不具备泌乳能力
434,关于肾上腺皮质激素的分泌，下列哪一项是正确的,答案:A:束状带主要分泌糖皮质激素
435,酶原激活的化学本质是(),答案:A:活性中心形成或者暴露
436,蛋白质的营养价值取决于(),答案:D:ABC都是
437,基因表达包括(),答案:B:转录和翻译
438,下列肠道腐败作用的产物中，有害身体的是(),答案:A:苯乙胺
439,人体中起到主要作用的升糖激素是(),答案:C:胰高血糖素
440,DNA分子中不会出现的碱基是(),答案:D:U
441,请问蛋白质分子的紫外线吸收峰性质来自下列哪种氨基酸?,答案:E:芳香族氨基酸
442,下列说法错误的是:,答案:C:丙酮酸脱氢酶是糖的有氧氧化第二阶段的关键酶
443,混悬液或油溶液禁止,答案:E:静脉注射或静脉滴注给药
444,阿托品引起瞳孔扩大是由于,答案:E:瞳孔括约肌松弛
445,下列降压药中能升高HDL，改善脂质代谢的是,答案:B:哌唑嗪
446,强心苷正性肌力的作用机制是,答案:E:增加心肌细胞内Ca2+量
447,呋塞米的利尿作用机制为,答案:A:抑制髓袢升支粗段Na+、K+—2Cl-同向转运系统
448,下列关于氢氧化铝的叙述正确的是,答案:E:能形成凝胶，对溃疡面起保护作用
449,不能单独用于甲状腺机能亢进内科治疗的药物是,答案:D:碘化物
450,下列细菌感染中，林可霉素类治疗无效的是,答案:D:铜绿假单胞菌
451,抗结核作用最弱的药物是,答案:D:对氨水杨酸
452,既用于免疫功能低下病人又可治疗自身免疫性疾病的药物是,答案:B:左旋咪唑
453,Ig分成五类的依据是?,答案:D:CH抗原特异性的不同
454,可以作为胎儿宫腔内感染诊断指标的抗体是?,答案:A:IgM
455,肿瘤细胞提呈内源性抗原的关键性分子是?,答案:A:MHC-I类分子
456,下列哪种组合是B细胞初次应答活化时的第二信号?,答案:D:CD40(B细胞)—CD40L(活化的T细胞)
457,目前所知机体内抗原提呈功能最强的细胞是 ?,答案:C:DC
458,引起Arthus反应的主要原因是?,答案:E:IC引起的补体活化
459,IL-2受体γ链基因突变的个体可发生细胞功能缺陷的是?,答案:B:T淋巴细胞
460,有关自身免疫正确的是?,答案:B:产生自身抗体和/或自身反应性T细胞
461,一般而言，抗原分子量大于多少才具有免疫原性?,答案:B:大于10KD
462,关于假复层纤毛柱状上皮的描述，哪项错误?,答案:C:细胞游离面均有纤毛
463,神经管壁早期分化形成三层，由内向外依次为,答案:A:室管膜层、套层和边缘层
464,次级卵母细胞的第二次减数分裂完成时间和部位是,答案:D:受精时;输卵管内
465,肝细胞各相邻面中，表面有微绒毛的是,答案:C:血窦面和胆小管面
466,将视网膜的信息传递到大脑的细胞是,答案:C:节细胞
467,下列属于周围神经系统的神经胶质细胞是:,答案:A:卫星细胞
468,淋巴细胞离开胸腺的途径为,答案:D:毛细血管后微静脉
469,垂体细胞属于,答案:B:神经胶质细胞
470,胃黏膜上皮的表面粘液细胞分泌,答案:C:粘液
471,某人因肾病而亡，尸解检查发现其肾脏体积变小，表面不平、质地变硬，有大的瘢痕凹陷。肾盂、肾盏变形。镜下可见病变呈不规则片状，其间为相对正常肾组织，则其因患何病而亡,答案:A:慢性肾盂肾炎
472,女性患者，15岁。低热伴乏力、食欲缺乏、恶心、呕吐3天，就诊时发现巩膜黄染。实验室检査:ALT:860 U/L,答案:A:假小叶形成
473,男性，7岁，因饮食不洁，1天来发热、腹痛、腹泻、脓血便。大便检査RBC、WBC满视野，并有脓球。符合该患者疾病的描述是(),答案:E:以上病变都存在
474,男性，60岁，上腹痛半年，因上消化道大出血，急诊入院。手术标本胃窦部粘膜可见一个巨大的火山口状溃疡。切面质硬，磁白色，侵入肌层。 数个小结节，手术切除一同送病理，支持胃癌肝转移的病理变化是( ),答案:B:小结节由印戒细胞构成
475,12岁，男孩。以发热为主诉来院，既往诊为轻度心瓣膜病。一个月前拔牙，二周前开始发热，血培养确诊为感染性心内膜炎，常见的致病菌是 ?,答案:A:甲型溶血性链球菌
476,张大爷在山里干活时被不明来历的狗咬伤，伤口有组织撕裂且流血较多,答案:E:清创+接种狂犬病毒疫苗+注射狂犬病毒免疫血清
477,36岁，女性。因乏力10 d，尿赤3 d人院。10 d前出现乏力、四肢酸软、胃纳减退伴恶心，无呕吐和发热，3 d前尿液加深如浓茶样。体格检查:精神委靡，皮肤和巩膜明显黄染。心、肺(一)，肝、脾肋下未及，肝区叩痛(+)。实验室检查:GPT 727 u，STB 47.7μmol/L，HBsAg(+)，HBeAg(+)，抗-HBc(+)，抗-HBcIgM(+)。请问患者肝功能异常，导致其肝功能损伤的主要机制是什么?,答案:C:细胞免疫应答
478,肩关节周围炎也称粘连性肩关节囊炎，为一种无菌渐进性炎症，病变早期以肩关节周围软组织出现充血、水肿、渗出、粘连和挛缩等现象为主，此过程中最易与周围组织发生粘连的结构是( ),答案:A:肱二头肌长头
479,某25岁男青年下肢骨折后使用腋杖，但不久发现右手臂不能外展，肩部肌肉渐渐萎缩，形成“方肩”。瘫痪的肌是( ),答案:A:三角肌
480,医生在为患者进行直肠镜检查时，应注意直肠的弯曲部位，其弯曲的方向为( ),答案:C:骶曲凸向后，会阴曲凸向前
481,给家免静脉注射生理剂量的垂体后叶素后，尿量减少的主要原因是( ),答案:D:集合管对水的通透性升高
482,李某，男，42岁，于今年二月徒步进入罗布泊探险，旋即失去联系。十五天后，搜救人员在沙漠中发现他时，李某已经脱水，消瘦过度，神志尚清，自述已经断粮七日。请问患者李某此时大脑能量供应除去依靠葡萄糖之外，还有哪项?,答案:E:乙酰乙酸
483,某甲，穿越一建筑工地时，被一根生锈的钉子扎穿脚掌，就诊时为避免破伤风紧急给予处理，包括开放伤口，用过氧化氢消毒伤口等。已知破伤风梭菌为厌氧性细菌，请问，该细菌缺乏一般需氧菌的哪些成分?,答案:E:以上均是
484,患者女，30岁诊断类风湿关节炎入院，经使用药物治疗后患者关节疼痛减轻，但出现体重增加、满月脸、向心性肥胖，提示存在何种药物的副作用,答案:A:泼尼松
485,患者男，74岁，因为膀胱癌住院手术，术后接受顺铂化疗在给药后，护士遵医嘱给患者输入大量液体急性水化，此做法是为了防止药物对患者产生,答案:B:肾功能损害
486,男，60岁。因剧烈头痛，恶心呕吐，左眼胀痛，视物模糊，前来就诊，经诊断是闭角型青光眼，宜首选的治疗药物是,答案:A:毛果芸香碱
487,乐乐，12岁，是一名糖尿病的患者，每天需注射胰岛素控制血糖。多次注射后在注射局部出现了红肿、坏死等类Arthus反应，这与什么有关?,答案:B:中等大小可溶性免疫复合物形成
488,患儿，女，出生后表现持续性鹅口疮，6个月后因真菌性肺炎死亡。尸检发现其胸腺育不全。此患儿发生持续感染主要由于?,答案:B:细胞免疫缺陷
489,患儿骶尾部出现畸胎瘤，伴有排尿困难、排便困难、臀部明显肿大、骶尾部肿块。采取手术、化疗、放疗等方法进行治疗。其产生原因为:,答案:C:原条细胞残留
490,"男性, 17岁,左季肋部外伤后10小时, 疼痛剧烈，口渴,心悸,烦燥2小时。入院查体T37.6°C，P110次/分，B超提示腹腔内积液，临床诊断:脾破裂，采取脾切除治疗。临床脾切除后进行自体脾片移植的意义在于",答案:D. 保留脾的免疫功能
491,下运动神经元脊髓灰质损伤会出现(),答案:D:软瘫
492,部分大脑皮层上运动神经元损伤出现(),答案:C:硬瘫
493,抑制肾小管上皮对钙离子重吸收的激素主要是,答案:C:降钙素
494,对胰岛素分泌有抑制作用的激素是,答案:D:生长抑素
495,对脑的发育最重要的激素是,答案:E:甲状腺激素
496,成瘾性极小的镇痛药是:,答案:D:喷他佐辛
497,可解救阿片类药物急性中毒的药物是:,答案:A:纳洛酮
498,属于Ⅳ型超敏反应的是?,答案:A:化妆品引起的接触性皮炎
499,属于Ⅱ型超敏反应的是?,答案:C:输血反应引起的红细胞破坏
500,属于Ⅲ型超敏反应的是?,答案:E:注射异种动物血清引+A2:C101起的血清病
501,炎症的最重要标志是,答案:C:渗出
502,瘘管是,答案:E:连接体表和空腔脏器的管道
503,血管壁玻璃样变多见于,答案:C:细动脉
504,不属于凝固性坏死(coagulation necrosis)的病变是,答案:A:肝阿米巴脓肿
505,疤痕修复可见于下列哪种病变,答案:A:十二指肠溃疡
506,不符合血源性感染引起的急性肾盂肾炎的病变特点是,答案:E:肾小管内弥漫性脓细胞积聚
507,肝炎病人有上腹部胀痛感是因为,答案:D:由于大量肿胀的肝细胞(如气球样变)致肝体积增大
508,日本血吸虫童虫引起人体下列哪个部位的损害最明显,答案:B:肺
509,下列哪种名词与血栓无关,答案:D:毛细血管石
510,流行性乙型脑炎最重要的病理特点是脑实质发生 ( ),答案:A:神经细胞变性、坏死
511,深部脓肿有两个以上开口的病理性管道 ( ),答案:B:瘘管
512,前噬菌体是 ?,答案:D:整合到细菌染色体上的噬菌体基因组
513,肥达反应的原理是 ?,答案:B:凝集反应 
514,哪种寄生虫以人为中间宿主 ?,答案:C:疟原虫和猪带绦虫
515,预防十二指肠钩虫感染，下列措施有错误的是 ?,答案:D:勤剪指甲、勤洗手
516,布氏姜片虫引起病变 ?,答案:A:小肠粘膜充血、水肿、炎症、溃疡等
517,链状带绦虫头节的形态特点有 ?,答案:A:吸盘4个及小钩2圈
518,阴道毛滴虫寄生部位最常见于 ?,答案:B:女性阴道后穹窿
519,可导致胎儿畸型，带来先天性心脏病、先天性耳聋、白内障等先天综合征的病毒是?,答案:D:风疹病毒
520,观察螺旋体常用染色方法是?,答案:B:镀银染色法
521,肋弓,答案:C:参与构成胸廓下口
522,关于脊柱的生理弯曲，正确的是,答案:D:颈曲前凸，胸曲后凸
523,肛管内面纵行的黏膜皱襞称,答案:C:肛柱
524,关于肾的说法，正确的是,答案:B:位于腹膜后方
525,精索内不含有,答案:C:射精管
526,临床上称前尿道的是,答案:C:海绵体部
527,关于心脏各腔的位置正确的是,答案:E:心尖由左心室构成
528,发自肝固有动脉的是,答案:B:胃右动脉
529,对第四脑室的叙述，哪项是错误的,答案:D:只借第四脑室正中孔与蛛网膜下隙相通
530,室旁核主要分泌下列哪种激素?,答案:B:催产素
531,主动脉瓣关闭见于:,答案:D:等容舒张期开始时
532,对体液调节特点的叙述，正确的是:,答案:C:作用范围广，而且持久
533,胸膜腔内压呈现低于大气压的负压，主要由于()的存在,答案:A:肺弹性回缩力
534,小管液浓缩和稀释的过程主要发生于,答案:E:集合管
535,月经的出现是由于( )在循环血液中的水平急剧下降所致,答案:C:雌激素和孕激素
536,下列有关甲状腺激素的叙述，错误的是,答案:A:储存于细胞内且贮存量大
537,第一心音的产生主要是由于,答案:D:房室瓣关闭
538,主动脉在缓冲脉压中起重要作用，主要是由于主动脉,答案:C:管壁有可扩张性和弹性
539,控制毛细血管前括约肌舒缩的是:,答案:D:受局部组织的代谢活动所控制
540,锌指结构属于蛋白质的哪种结构?,答案:C:模体
541,在坐标系中绘图时，底物浓度与反应速度之间的关系表现为(),答案:B:矩形双曲线
542,下列不含羟基的氨基酸有(),答案:D:缬氨酸
543,下列哪项不是DNA复制的特点?,答案:D:不对称复制
544,人体可以自己合成、不依赖食物供给的是(),答案:E:油酸
545,参与构成人体蛋白质的20种氨基酸中，唯一一种亚氨基酸是()。,答案:D:脯氨酸
546,某个核25酸分子在加热到其熔解温度时，解链程度为()%,答案:B:50
547,药物变态反应的特点是,答案:B:与药物剂量大小无关
548,M受体兴奋时可引起,答案:E:胃肠道平滑肌收缩
549,下列关于地西泮的优点，不正确的是,答案:E:无耐受性和依赖性
550,下列关于氯丙嗪对体温影响的叙述中错误的是,答案:A:抑制中枢前列腺素合成产生降温作用
551,下列哪一类药不属于治疗心衰药物,答案:E:M受体阻断药
552,与呋塞米合用可加重耳毒性的药物是,答案:D:庆大霉素
553,同服铁剂可影响其肠道吸收的是,答案:B:四环素
554,补体系统三条激活途径共同的枢纽成分是?,答案:C:C3
555,下列哪种补体成分在激活效应的放大作用中起重要作用?,答案:C:C3
556,补体促进吞噬细胞的吞噬作用被称为补体的?,答案:B:调理作用
557,关于TCR的叙述，错误的是?,答案:E:主要识别和结合游离的可溶性抗原肽
558,目前所知机体内抗原提呈功能最强的细胞是 ?,答案:C:DC
559,免疫复合物沉积引起血管炎的主要原因是 ?,答案:E:中性粒细胞释放溶酶体酶
560,主要由病毒感染细胞产生的细胞因子是?,答案:A:I型干扰素
561,抗体存在于?,答案:C:γ 球蛋白
562,来自内胚层的是,答案:B:中耳鼓室和咽鼓管的上皮
563,肿瘤细胞等可产生哪种物质破坏基质的防御屏障,答案:A:透明质酸酶
564,血小板的寿命是,答案:E:7~14天
565,当机体发生过敏反应时，哪种细胞会发生脱颗粒现象?,答案:A:肥大细胞
566,内皮细胞的特征性结构是,答案:D:W-P小体
567,表皮由深至浅的分层顺序，哪项正确,答案:C:基底层、棘层、颗粒层、透明层
568,有髓神经纤维的神经冲动传导方式是,答案:C:在郎飞结间连续跳跃式进行
569,下列哪种细胞是抗原提呈细胞,答案:B:郎格汉斯细胞
570,最重要的免疫细胞是,答案:B:淋巴细胞
571,男性，60岁，胃癌根治术后7天，出现左下肢肿痛。检査时，小腿腓肠肌有压痛、沿股静脉压迫有疼痛，下肢可凹性水肿。诊断为左下肢深静脉血栓形成。与深静脉血栓形成无关的因素是(),答案:E:纤维蛋白溶酶系统被激活
572,35岁女职员，发热5d ，食欲不振、乏力、腹胀、腹泻、脾肿大;血常规:外周血白细胞偏低，起病后曾服用退热药及磺胺药，症状无缓解。怀疑为伤寒病，为进一步确诊，首选应做的检查是?,答案:B:血培养
573,徐师傅因反复右上腹疼痛6个月入院，在行胆囊切除胆总管探查术时，冲出柳叶形扁平而薄的虫体数条，虫体活跃，长约10mm，请问病人很可能是由于食用或饮用了,答案:A:生鱼肉
574,肾床是维持肾脏位置的主要结构，当肾床萎缩，对肾的固定作用减弱，可产生肾下垂或游走肾，解剖学上肾床也称( ),答案:C:脂肪囊
575,2岁的小明，误吸花生，突然窒息。其母发现后马上为其拍背后略有缓解，但不久又开始咳嗽并有呼吸困难。体格检查:小儿有咳嗽、呼吸困难等呼吸道刺激症状，右胸运动受限。右肺呼吸音减弱，右侧胸中、下部叩诊为浊音。胸部CT平扫显示:右肺中、下叶支气管开口处有异物堵塞;右侧支气管未见明确显示，左侧支气管显示良好。麻醉后行支气管镜检查支气管，在CT提示的右肺中、下叶支气管处发现异物。经支气管镜将异物钳出，为一粒花生。诊断为右肺中、下叶支气管异物阻塞。下支气管镜时，依据( )判断支气管分叉部位。,答案:B:气管隆嵴
576,小明因肛周脓肿手术需要注射利多卡因进行骶管麻醉，确定注射药物部位的骨性标志是,答案:C:骶角
577,右心衰竭的病人常因为组织液生成过多而致下肢水肿，其主要原因是,答案:A:毛细血管血压增高
578,肾上腺皮质功能亢进患者血中醛固酮水平升高，可预期该患者的,答案:A:血钠升高，细胞外液量增加
579,田小二，男，二岁，因脊柱侧弯入院，诊断为佝偻病，询问家属，诉平时注意补钙，补充鱼肝油、瘦肉、肝脏食物，请问你应当下的医嘱是什么?,答案:E:晒太阳
580,某甲，禁食40小时，请问此时其血糖来源是(),答案:B:糖异生
581,张同学，本学期操作“血清蛋白质醋酸纤维薄膜电泳”实验后，写作实验报告，在谈到影响蛋白质电泳速度的因素时，写下如下几条，请问你其中错误的是(),答案:D:蛋白质沉降系数
582,患者男，48岁。因患胰腺癌入院拟行手术治疗，现空腹血糖7.8mmol/L。术前给予注射胰岛素，其作用是,答案:E:控制血糖
583,患者男，63岁，慢性胃炎，幽门螺杆菌(+)，需要采用抗菌药物治疗，其用药原则是:,答案:C:联合用药
584,患者，女，32岁，患有红斑狼疮，长期应用泼尼松进行治疗，饮食应该遵循,答案:B:低钠、低糖、高蛋白
585,患者张某，肾移植后出现超急性排斥反应，与供者移植物何种抗原有关?,答案:E:ABO血型抗原
586,某男，25岁。寒战、高热、胸痛、咳嗽、咳铁锈样痰，胸透显示右上肺有片状致密阴影，诊断为大叶性肺炎，首选的治疗药物为( ),答案:B:青霉素
587,病人、男性、20岁，溺水，心搏骤停，可以用于心室注射的抢救药物是(),答案:C:异丙肾上腺素
588,患者染色体核型为正常男性型(46，XY)，性腺为功能正常的睾丸。外生殖器为正常女性型，2/3的患者无子宫和输卵管，其余1/3只存留遗迹。附睾和输精管一般缺如。睾丸组织学检查在青春期前正常，在青春期后曲细精管缩小，精原细胞稀少，无精子发生，青春期，女性第二性征发育，乳房发育和正常女性相同，女性体态，阴毛和腋毛稀少，原发性闭经，智力正常。临床诊断为睾丸女性化综合征，其产生的主要原因是:,答案:D:靶细胞缺乏雄激素受体
589,患者，女，47岁，近日全身乏力较明显，食欲较前差，伴乏困、全身肢体麻木，劳累后头晕、心悸，伴面色苍白。临床诊断:贫血。HGB 61g/L，胃镜检查，结果为:萎缩性胃体炎。导致该患者贫血的原因为内因子缺乏，维生素B12吸收障碍，内因子由下列哪种细胞产生?,答案:B:壁细胞
590,29岁男性患者，因1天前，大量饮酒导致急性腹痛入院，上腹疼痛,答案:D:胰酶在胰腺内被激活以后引起胰腺组织自身消化
591,可降低正常及发热患者体温的药物是:,答案:D:氯丙嗪
592,解热镇痛强，几无抗风湿作用的药物是:,答案:B:对乙酰氨基酚
593,胃肠道反应较轻的解热镇痛抗炎药是:,答案:E:美洛昔康
594,小儿麻痹症瘫痪为(),答案:B:软瘫
595,新生儿窒息脑瘫为(),答案:A:核上瘫
596,______可引起唾液大量分泌,答案:A:乙酰胆碱，P物质和血管活性肠肽
597,_______可抑制唾液分泌,答案:E:阿托品
598,既可治疗癫痫，又有抗心律失常作用的药物是:,答案:E:苯妥英钠
599,治疗失神小发作的首选药是:,答案:A:乙琥胺
600,治疗三叉神经痛的首选药物是:,答案:B:卡马西平
